,城市名,超链接
0,北京,http://www.tianqihoubao.com//aqi/beijing.html
1,天津,http://www.tianqihoubao.com//aqi/tianjin.html
2,上海,http://www.tianqihoubao.com//aqi/shanghai.html
3,重庆,http://www.tianqihoubao.com//aqi/chongqing.html
4,石家庄,http://www.tianqihoubao.com//aqi/shijiazhuang.html
5,唐山,http://www.tianqihoubao.com//aqi/tangshan.html
6,秦皇岛,http://www.tianqihoubao.com//aqi/qinhuangdao.html
7,保定,http://www.tianqihoubao.com//aqi/baoding.html
8,张家口,http://www.tianqihoubao.com//aqi/zhangjiakou.html
9,邯郸,http://www.tianqihoubao.com//aqi/handan.html
10,邢台,http://www.tianqihoubao.com//aqi/xingtai.html
11,承德,http://www.tianqihoubao.com//aqi/chengde.html
12,沧州,http://www.tianqihoubao.com//aqi/cangzhou.html
13,廊坊,http://www.tianqihoubao.com//aqi/langfang.html
14,衡水,http://www.tianqihoubao.com//aqi/hengshui.html
15,太原,http://www.tianqihoubao.com//aqi/taiyuan.html
16,大同,http://www.tianqihoubao.com//aqi/datong.html
17,阳泉,http://www.tianqihoubao.com//aqi/yangquan.html
18,长治,http://www.tianqihoubao.com//aqi/changzhi.html
19,临汾,http://www.tianqihoubao.com//aqi/linfen.html
20,晋城,http://www.tianqihoubao.com//aqi/jincheng.html
21,朔州,http://www.tianqihoubao.com//aqi/shuozhou.html
22,运城,http://www.tianqihoubao.com//aqi/sxyuncheng.html
23,忻州,http://www.tianqihoubao.com//aqi/xinzhou.html
24,吕梁,http://www.tianqihoubao.com//aqi/lvliang.html
25,晋中,http://www.tianqihoubao.com//aqi/jinzhong.html
26,呼和浩特,http://www.tianqihoubao.com//aqi/huhehaote.html
27,包头,http://www.tianqihoubao.com//aqi/baotou.html
28,鄂尔多斯,http://www.tianqihoubao.com//aqi/eerduosi.html
29,乌海,http://www.tianqihoubao.com//aqi/wuhai.html
30,赤峰,http://www.tianqihoubao.com//aqi/chifeng.html
31,通辽,http://www.tianqihoubao.com//aqi/tongliao.html
32,巴彦淖尔,http://www.tianqihoubao.com//aqi/bayannaoer.html
33,兴安盟,http://www.tianqihoubao.com//aqi/xinganmeng.html
34,阿拉善盟,http://www.tianqihoubao.com//aqi/alashanmeng.html
35,呼伦贝尔,http://www.tianqihoubao.com//aqi/hulunbeier.html
36,二连浩特,http://www.tianqihoubao.com//aqi/erlianhaote.html
37,锡林郭勒,http://www.tianqihoubao.com//aqi/xilinguole.html
38,沈阳,http://www.tianqihoubao.com//aqi/shenyang.html
39,大连,http://www.tianqihoubao.com//aqi/dalian.html
40,丹东,http://www.tianqihoubao.com//aqi/dandong.html
41,营口,http://www.tianqihoubao.com//aqi/yingkou.html
42,盘锦,http://www.tianqihoubao.com//aqi/panjin.html
43,葫芦岛,http://www.tianqihoubao.com//aqi/huludao.html
44,鞍山,http://www.tianqihoubao.com//aqi/anshan.html
45,锦州,http://www.tianqihoubao.com//aqi/jinzhou.html
46,本溪,http://www.tianqihoubao.com//aqi/benxi.html
47,瓦房店,http://www.tianqihoubao.com//aqi/wafangdian.html
48,抚顺,http://www.tianqihoubao.com//aqi/fushun.html
49,辽阳,http://www.tianqihoubao.com//aqi/liaoyang.html
50,阜新,http://www.tianqihoubao.com//aqi/fuxin.html
51,朝阳,http://www.tianqihoubao.com//aqi/chaoyang.html
52,铁岭,http://www.tianqihoubao.com//aqi/tieling.html
53,长春,http://www.tianqihoubao.com//aqi/changchun.html
54,吉林,http://www.tianqihoubao.com//aqi/jilin.html
55,四平,http://www.tianqihoubao.com//aqi/siping.html
56,辽源,http://www.tianqihoubao.com//aqi/liaoyuan.html
57,白山,http://www.tianqihoubao.com//aqi/baishan.html
58,松原,http://www.tianqihoubao.com//aqi/songyuan.html
59,白城,http://www.tianqihoubao.com//aqi/baicheng.html
60,延边,http://www.tianqihoubao.com//aqi/yanbian.html
61,通化,http://www.tianqihoubao.com//aqi/tonghua.html
62,哈尔滨,http://www.tianqihoubao.com//aqi/haerbin.html
63,齐齐哈尔,http://www.tianqihoubao.com//aqi/qiqihaer.html
64,鸡西,http://www.tianqihoubao.com//aqi/jixi.html
65,鹤岗,http://www.tianqihoubao.com//aqi/hegang.html
66,双鸭山,http://www.tianqihoubao.com//aqi/shuangyashan.html
67,大庆,http://www.tianqihoubao.com//aqi/daqing.html
68,佳木斯,http://www.tianqihoubao.com//aqi/jiamusi.html
69,七台河,http://www.tianqihoubao.com//aqi/qitaihe.html
70,牡丹江,http://www.tianqihoubao.com//aqi/mudanjiang.html
71,黑河,http://www.tianqihoubao.com//aqi/heihe.html
72,绥化,http://www.tianqihoubao.com//aqi/suihua.html
73,大兴安岭,http://www.tianqihoubao.com//aqi/daxinganling.html
74,伊春,http://www.tianqihoubao.com//aqi/yichun.html
75,甘南,http://www.tianqihoubao.com//aqi/hljgannan.html
76,南京,http://www.tianqihoubao.com//aqi/nanjing.html
77,无锡,http://www.tianqihoubao.com//aqi/wuxi.html
78,徐州,http://www.tianqihoubao.com//aqi/xuzhou.html
79,常州,http://www.tianqihoubao.com//aqi/changzhou.html
80,苏州,http://www.tianqihoubao.com//aqi/suzhou.html
81,南通,http://www.tianqihoubao.com//aqi/nantong.html
82,连云港,http://www.tianqihoubao.com//aqi/lianyungang.html
83,淮安,http://www.tianqihoubao.com//aqi/huaian.html
84,盐城,http://www.tianqihoubao.com//aqi/yancheng.html
85,扬州,http://www.tianqihoubao.com//aqi/yangzhou.html
86,镇江,http://www.tianqihoubao.com//aqi/zhenjiang.html
87,泰州,http://www.tianqihoubao.com//aqi/jstaizhou.html
88,宿迁,http://www.tianqihoubao.com//aqi/suqian.html
89,昆山,http://www.tianqihoubao.com//aqi/kunshan.html
90,海门,http://www.tianqihoubao.com//aqi/haimen.html
91,太仓,http://www.tianqihoubao.com//aqi/taicang.html
92,江阴,http://www.tianqihoubao.com//aqi/jiangyin.html
93,溧阳,http://www.tianqihoubao.com//aqi/liyang.html
94,金坛,http://www.tianqihoubao.com//aqi/jintan.html
95,宜兴,http://www.tianqihoubao.com//aqi/yixing.html
96,句容,http://www.tianqihoubao.com//aqi/jurong.html
97,常熟,http://www.tianqihoubao.com//aqi/changshu.html
98,吴江,http://www.tianqihoubao.com//aqi/wujiang.html
99,张家港,http://www.tianqihoubao.com//aqi/zhangjiagang.html
100,杭州,http://www.tianqihoubao.com//aqi/hangzhou.html
101,宁波,http://www.tianqihoubao.com//aqi/ningbo.html
102,温州,http://www.tianqihoubao.com//aqi/wenzhou.html
103,嘉兴,http://www.tianqihoubao.com//aqi/jiaxing.html
104,湖州,http://www.tianqihoubao.com//aqi/huzhou.html
105,金华,http://www.tianqihoubao.com//aqi/jinhua.html
106,衢州,http://www.tianqihoubao.com//aqi/quzhou.html
107,舟山,http://www.tianqihoubao.com//aqi/zhoushan.html
108,台州,http://www.tianqihoubao.com//aqi/taizhou.html
109,丽水,http://www.tianqihoubao.com//aqi/lishui.html
110,绍兴,http://www.tianqihoubao.com//aqi/shaoxing.html
111,义乌,http://www.tianqihoubao.com//aqi/yiwu.html
112,富阳,http://www.tianqihoubao.com//aqi/zjfuyang.html
113,临安,http://www.tianqihoubao.com//aqi/linan.html
114,合肥,http://www.tianqihoubao.com//aqi/hefei.html
115,芜湖,http://www.tianqihoubao.com//aqi/wuhu.html
116,蚌埠,http://www.tianqihoubao.com//aqi/bangbu.html
117,淮南,http://www.tianqihoubao.com//aqi/huainan.html
118,马鞍山,http://www.tianqihoubao.com//aqi/maanshan.html
119,淮北,http://www.tianqihoubao.com//aqi/huaibei.html
120,铜陵,http://www.tianqihoubao.com//aqi/tongling.html
121,安庆,http://www.tianqihoubao.com//aqi/anqing.html
122,黄山,http://www.tianqihoubao.com//aqi/huangshan.html
123,滁州,http://www.tianqihoubao.com//aqi/chuzhou.html
124,阜阳,http://www.tianqihoubao.com//aqi/fuyang.html
125,宿州,http://www.tianqihoubao.com//aqi/anhuisuzhou.html
126,巢湖,http://www.tianqihoubao.com//aqi/chaohu.html
127,六安,http://www.tianqihoubao.com//aqi/liuan.html
128,亳州,http://www.tianqihoubao.com//aqi/bozhou.html
129,池州,http://www.tianqihoubao.com//aqi/chizhou.html
130,宣城,http://www.tianqihoubao.com//aqi/xuancheng.html
131,福州,http://www.tianqihoubao.com//aqi/fujianfuzhou.html
132,厦门,http://www.tianqihoubao.com//aqi/xiamen.html
133,泉州,http://www.tianqihoubao.com//aqi/quanzhou.html
134,莆田,http://www.tianqihoubao.com//aqi/putian.html
135,三明,http://www.tianqihoubao.com//aqi/sanming.html
136,漳州,http://www.tianqihoubao.com//aqi/zhangzhou.html
137,南平,http://www.tianqihoubao.com//aqi/nanping.html
138,龙岩,http://www.tianqihoubao.com//aqi/longyan.html
139,宁德,http://www.tianqihoubao.com//aqi/ningde.html
140,南昌,http://www.tianqihoubao.com//aqi/nanchang.html
141,景德镇,http://www.tianqihoubao.com//aqi/jingdezhen.html
142,萍乡,http://www.tianqihoubao.com//aqi/pingxiang.html
143,新余,http://www.tianqihoubao.com//aqi/xinyu.html
144,鹰潭,http://www.tianqihoubao.com//aqi/yingtan.html
145,赣州,http://www.tianqihoubao.com//aqi/ganzhou.html
146,宜春,http://www.tianqihoubao.com//aqi/jxyichun.html
147,抚州,http://www.tianqihoubao.com//aqi/fuzhou.html
148,九江,http://www.tianqihoubao.com//aqi/jiujiang.html
149,上饶,http://www.tianqihoubao.com//aqi/shangrao.html
150,吉安,http://www.tianqihoubao.com//aqi/jian.html
151,济南,http://www.tianqihoubao.com//aqi/jinan.html
152,青岛,http://www.tianqihoubao.com//aqi/qingdao.html
153,淄博,http://www.tianqihoubao.com//aqi/zibo.html
154,枣庄,http://www.tianqihoubao.com//aqi/zaozhuang.html
155,东营,http://www.tianqihoubao.com//aqi/dongying.html
156,烟台,http://www.tianqihoubao.com//aqi/yantai.html
157,潍坊,http://www.tianqihoubao.com//aqi/weifang.html
158,济宁,http://www.tianqihoubao.com//aqi/sdjining.html
159,泰安,http://www.tianqihoubao.com//aqi/taian.html
160,威海,http://www.tianqihoubao.com//aqi/weihai.html
161,日照,http://www.tianqihoubao.com//aqi/rizhao.html
162,莱芜,http://www.tianqihoubao.com//aqi/laiwu.html
163,临沂,http://www.tianqihoubao.com//aqi/linyi.html
164,德州,http://www.tianqihoubao.com//aqi/dezhou.html
165,聊城,http://www.tianqihoubao.com//aqi/liaocheng.html
166,滨州,http://www.tianqihoubao.com//aqi/binzhou.html
167,菏泽,http://www.tianqihoubao.com//aqi/heze.html
168,乳山,http://www.tianqihoubao.com//aqi/rushan.html
169,荣成,http://www.tianqihoubao.com//aqi/sdrongcheng.html
170,文登,http://www.tianqihoubao.com//aqi/wendeng.html
171,章丘,http://www.tianqihoubao.com//aqi/zhangqiu.html
172,平度,http://www.tianqihoubao.com//aqi/pingdu.html
173,莱州,http://www.tianqihoubao.com//aqi/laizhou.html
174,招远,http://www.tianqihoubao.com//aqi/sdzhaoyuan.html
175,莱西,http://www.tianqihoubao.com//aqi/laixi.html
176,胶州,http://www.tianqihoubao.com//aqi/jiaozhou.html
177,蓬莱,http://www.tianqihoubao.com//aqi/penglai.html
178,胶南,http://www.tianqihoubao.com//aqi/jiaonan.html
179,寿光,http://www.tianqihoubao.com//aqi/shouguang.html
180,即墨,http://www.tianqihoubao.com//aqi/jimo.html
181,郑州,http://www.tianqihoubao.com//aqi/zhengzhou.html
182,洛阳,http://www.tianqihoubao.com//aqi/lvyang.html
183,平顶山,http://www.tianqihoubao.com//aqi/pingdingshan.html
184,鹤壁,http://www.tianqihoubao.com//aqi/hebi.html
185,焦作,http://www.tianqihoubao.com//aqi/jiaozuo.html
186,漯河,http://www.tianqihoubao.com//aqi/luohe.html
187,三门峡,http://www.tianqihoubao.com//aqi/sanmenxia.html
188,南阳,http://www.tianqihoubao.com//aqi/nanyang.html
189,商丘,http://www.tianqihoubao.com//aqi/shangqiu.html
190,信阳,http://www.tianqihoubao.com//aqi/xinyang.html
191,周口,http://www.tianqihoubao.com//aqi/zhoukou.html
192,驻马店,http://www.tianqihoubao.com//aqi/zhumadian.html
193,安阳,http://www.tianqihoubao.com//aqi/anyang.html
194,开封,http://www.tianqihoubao.com//aqi/kaifeng.html
195,濮阳,http://www.tianqihoubao.com//aqi/puyang.html
196,许昌,http://www.tianqihoubao.com//aqi/xuchang.html
197,新乡,http://www.tianqihoubao.com//aqi/xinxiang.html
198,武汉,http://www.tianqihoubao.com//aqi/wuhan.html
199,十堰,http://www.tianqihoubao.com//aqi/shiyan.html
200,宜昌,http://www.tianqihoubao.com//aqi/yichang.html
201,鄂州,http://www.tianqihoubao.com//aqi/ezhou.html
202,荆门,http://www.tianqihoubao.com//aqi/jingmen.html
203,孝感,http://www.tianqihoubao.com//aqi/xiaogan.html
204,黄冈,http://www.tianqihoubao.com//aqi/huanggang.html
205,咸宁,http://www.tianqihoubao.com//aqi/xianning.html
206,黄石,http://www.tianqihoubao.com//aqi/huangshi.html
207,恩施,http://www.tianqihoubao.com//aqi/enshi.html
208,襄阳,http://www.tianqihoubao.com//aqi/xiangyang.html
209,随州,http://www.tianqihoubao.com//aqi/suizhou.html
210,荆州,http://www.tianqihoubao.com//aqi/jingzhou.html
211,长沙,http://www.tianqihoubao.com//aqi/changsha.html
212,株洲,http://www.tianqihoubao.com//aqi/zhuzhou.html
213,湘潭,http://www.tianqihoubao.com//aqi/xiangtan.html
214,常德,http://www.tianqihoubao.com//aqi/changde.html
215,张家界,http://www.tianqihoubao.com//aqi/zhangjiajie.html
216,益阳,http://www.tianqihoubao.com//aqi/yiyang.html
217,郴州,http://www.tianqihoubao.com//aqi/chenzhou.html
218,永州,http://www.tianqihoubao.com//aqi/yongzhou.html
219,怀化,http://www.tianqihoubao.com//aqi/huaihua.html
220,娄底,http://www.tianqihoubao.com//aqi/loudi.html
221,邵阳,http://www.tianqihoubao.com//aqi/shaoyang.html
222,岳阳,http://www.tianqihoubao.com//aqi/yueyang.html
223,湘西,http://www.tianqihoubao.com//aqi/xiangxi.html
224,衡阳,http://www.tianqihoubao.com//aqi/hengyang.html
225,广州,http://www.tianqihoubao.com//aqi/guangzhou.html
226,韶关,http://www.tianqihoubao.com//aqi/shaoguan.html
227,深圳,http://www.tianqihoubao.com//aqi/shenzhen.html
228,珠海,http://www.tianqihoubao.com//aqi/zhuhai.html
229,汕头,http://www.tianqihoubao.com//aqi/shantou.html
230,佛山,http://www.tianqihoubao.com//aqi/foshan.html
231,江门,http://www.tianqihoubao.com//aqi/jiangmen.html
232,肇庆,http://www.tianqihoubao.com//aqi/zhaoqing.html
233,惠州,http://www.tianqihoubao.com//aqi/huizhou.html
234,河源,http://www.tianqihoubao.com//aqi/heyuan.html
235,清远,http://www.tianqihoubao.com//aqi/gdqingyuan.html
236,东莞,http://www.tianqihoubao.com//aqi/dongguang.html
237,中山,http://www.tianqihoubao.com//aqi/zhongshan.html
238,湛江,http://www.tianqihoubao.com//aqi/zhanjiang.html
239,茂名,http://www.tianqihoubao.com//aqi/maoming.html
240,梅州,http://www.tianqihoubao.com//aqi/meizhou.html
241,汕尾,http://www.tianqihoubao.com//aqi/shanwei.html
242,阳江,http://www.tianqihoubao.com//aqi/yangjiang.html
243,潮州,http://www.tianqihoubao.com//aqi/chaozhou.html
244,揭阳,http://www.tianqihoubao.com//aqi/jieyang.html
245,云浮,http://www.tianqihoubao.com//aqi/yunfu.html
246,南宁,http://www.tianqihoubao.com//aqi/nanning.html
247,柳州,http://www.tianqihoubao.com//aqi/liuzhou.html
248,北海,http://www.tianqihoubao.com//aqi/beihai.html
249,桂林,http://www.tianqihoubao.com//aqi/guilin.html
250,梧州,http://www.tianqihoubao.com//aqi/wuzhou.html
251,防城港,http://www.tianqihoubao.com//aqi/fangchenggang.html
252,钦州,http://www.tianqihoubao.com//aqi/gxqinzhou.html
253,贵港,http://www.tianqihoubao.com//aqi/guigang.html
254,玉林,http://www.tianqihoubao.com//aqi/guangxiyulin.html
255,百色,"http://www.tianqihoubao.com//aqi/baise
.html"
256,贺州,http://www.tianqihoubao.com//aqi/hezhou.html
257,河池,http://www.tianqihoubao.com//aqi/hechi.html
258,来宾,http://www.tianqihoubao.com//aqi/laibin.html
259,崇左,http://www.tianqihoubao.com//aqi/chongzuo.html
260,海口,http://www.tianqihoubao.com//aqi/haikou.html
261,三亚,http://www.tianqihoubao.com//aqi/sanya.html
262,成都,http://www.tianqihoubao.com//aqi/chengdu.html
263,自贡,http://www.tianqihoubao.com//aqi/zigong.html
264,攀枝花,http://www.tianqihoubao.com//aqi/panzhihua.html
265,泸州,http://www.tianqihoubao.com//aqi/luzhou.html
266,德阳,http://www.tianqihoubao.com//aqi/deyang.html
267,绵阳,http://www.tianqihoubao.com//aqi/mianyang.html
268,广元,http://www.tianqihoubao.com//aqi/guangyuan.html
269,遂宁,http://www.tianqihoubao.com//aqi/scsuining.html
270,乐山,http://www.tianqihoubao.com//aqi/leshan.html
271,南充,http://www.tianqihoubao.com//aqi/nanchong.html
272,眉山,http://www.tianqihoubao.com//aqi/meishan.html
273,达州,http://www.tianqihoubao.com//aqi/dazhou.html
274,雅安,http://www.tianqihoubao.com//aqi/yaan.html
275,巴中,http://www.tianqihoubao.com//aqi/bazhong.html
276,资阳,http://www.tianqihoubao.com//aqi/ziyang.html
277,甘孜,http://www.tianqihoubao.com//aqi/ganzi.html
278,内江,http://www.tianqihoubao.com//aqi/neijiang.html
279,宜宾,http://www.tianqihoubao.com//aqi/yibin.html
280,广安,http://www.tianqihoubao.com//aqi/guangan.html
281,阿坝,http://www.tianqihoubao.com//aqi/aba.html
282,凉山,http://www.tianqihoubao.com//aqi/liangshan.html
283,贵阳,http://www.tianqihoubao.com//aqi/guiyang.html
284,六盘水,http://www.tianqihoubao.com//aqi/liupanshui.html
285,遵义,http://www.tianqihoubao.com//aqi/zunyi.html
286,安顺,http://www.tianqihoubao.com//aqi/anshun.html
287,毕节,http://www.tianqihoubao.com//aqi/bijie.html
288,铜仁,http://www.tianqihoubao.com//aqi/tongren.html
289,黔西南,http://www.tianqihoubao.com//aqi/qianxinan.html
290,黔南,http://www.tianqihoubao.com//aqi/qiannan.html
291,黔东南,http://www.tianqihoubao.com//aqi/qiandongnan.html
292,昆明,http://www.tianqihoubao.com//aqi/kunming.html
293,玉溪,http://www.tianqihoubao.com//aqi/yuxi.html
294,保山,http://www.tianqihoubao.com//aqi/baoshan.html
295,昭通,http://www.tianqihoubao.com//aqi/zhaotong.html
296,丽江,http://www.tianqihoubao.com//aqi/lijiang.html
297,临沧,http://www.tianqihoubao.com//aqi/lincang.html
298,西双版纳,http://www.tianqihoubao.com//aqi/xishuangbanna.html
299,德宏,http://www.tianqihoubao.com//aqi/dehong.html
300,怒江,http://www.tianqihoubao.com//aqi/nujiang.html
301,大理,http://www.tianqihoubao.com//aqi/dali.html
302,曲靖,http://www.tianqihoubao.com//aqi/qujing.html
303,楚雄,http://www.tianqihoubao.com//aqi/chuxiong.html
304,红河,http://www.tianqihoubao.com//aqi/honghe.html
305,思茅,http://www.tianqihoubao.com//aqi/simao.html
306,文山,http://www.tianqihoubao.com//aqi/wenshan.html
307,普洱,http://www.tianqihoubao.com//aqi/puer.html
308,迪庆,http://www.tianqihoubao.com//aqi/diqing.html
309,拉萨,http://www.tianqihoubao.com//aqi/lasa.html
310,林芝,http://www.tianqihoubao.com//aqi/linzhi.html
311,山南,http://www.tianqihoubao.com//aqi/shannan.html
312,昌都,http://www.tianqihoubao.com//aqi/changdu.html
313,日喀则,http://www.tianqihoubao.com//aqi/rikaze.html
314,阿里,http://www.tianqihoubao.com//aqi/ali.html
315,那曲,http://www.tianqihoubao.com//aqi/naqu.html
316,西安,http://www.tianqihoubao.com//aqi/xian.html
317,铜川,http://www.tianqihoubao.com//aqi/tongchuan.html
318,宝鸡,http://www.tianqihoubao.com//aqi/baoji.html
319,咸阳,http://www.tianqihoubao.com//aqi/xianyang.html
320,渭南,http://www.tianqihoubao.com//aqi/weinan.html
321,延安,http://www.tianqihoubao.com//aqi/yanan.html
322,汉中,http://www.tianqihoubao.com//aqi/hanzhong.html
323,榆林,http://www.tianqihoubao.com//aqi/yulin.html
324,安康,http://www.tianqihoubao.com//aqi/ankang.html
325,商洛,http://www.tianqihoubao.com//aqi/shanglv.html
326,兰州,http://www.tianqihoubao.com//aqi/lanzhou.html
327,嘉峪关,http://www.tianqihoubao.com//aqi/jiayuguan.html
328,天水,http://www.tianqihoubao.com//aqi/tianshui.html
329,武威,http://www.tianqihoubao.com//aqi/wuwei.html
330,张掖,http://www.tianqihoubao.com//aqi/zhangye.html
331,平凉,http://www.tianqihoubao.com//aqi/pingliang.html
332,酒泉,http://www.tianqihoubao.com//aqi/jiuquan.html
333,庆阳,http://www.tianqihoubao.com//aqi/gsqingyang.html
334,定西,http://www.tianqihoubao.com//aqi/dingxi.html
335,甘南,http://www.tianqihoubao.com//aqi/gannan.html
336,临夏,http://www.tianqihoubao.com//aqi/linxia.html
337,白银,http://www.tianqihoubao.com//aqi/baiyin.html
338,金昌,http://www.tianqihoubao.com//aqi/jinchang.html
339,陇南,http://www.tianqihoubao.com//aqi/longnan.html
340,西宁,http://www.tianqihoubao.com//aqi/xining.html
341,海东,http://www.tianqihoubao.com//aqi/haidong.html
342,果洛,http://www.tianqihoubao.com//aqi/guolv.html
343,海北,http://www.tianqihoubao.com//aqi/haibei.html
344,海南,http://www.tianqihoubao.com//aqi/hainan.html
345,海西,http://www.tianqihoubao.com//aqi/haixi.html
346,玉树,http://www.tianqihoubao.com//aqi/yushu.html
347,黄南,http://www.tianqihoubao.com//aqi/huangnan.html
348,银川,http://www.tianqihoubao.com//aqi/yinchuan.html
349,石嘴山,http://www.tianqihoubao.com//aqi/shizuishan.html
350,吴忠,http://www.tianqihoubao.com//aqi/wuzhong.html
351,固原,http://www.tianqihoubao.com//aqi/nxguyuan.html
352,中卫,http://www.tianqihoubao.com//aqi/zhongwei.html
353,乌鲁木齐,http://www.tianqihoubao.com//aqi/wulumuqi.html
354,伊犁哈萨克州,http://www.tianqihoubao.com//aqi/yili.html
355,克拉玛依,http://www.tianqihoubao.com//aqi/kelamayi.html
356,哈密,http://www.tianqihoubao.com//aqi/hami.html
357,石河子,http://www.tianqihoubao.com//aqi/shihezi.html
358,和田,http://www.tianqihoubao.com//aqi/hetian.html
359,五家渠,http://www.tianqihoubao.com//aqi/wujiaqu.html
360,阿克苏,http://www.tianqihoubao.com//aqi/akesu.html
361,阿勒泰,http://www.tianqihoubao.com//aqi/aletai.html
362,喀什,http://www.tianqihoubao.com//aqi/kashi.html
363,库尔勒,http://www.tianqihoubao.com//aqi/kuerle.html
364,吐鲁番,http://www.tianqihoubao.com//aqi/tulufan.html
365,塔城,http://www.tianqihoubao.com//aqi/tacheng.html
366,博州,http://www.tianqihoubao.com//aqi/xjbozhou.html
367,昌吉,http://www.tianqihoubao.com//aqi/changji.html
368,克州,http://www.tianqihoubao.com//aqi/kezhou.html
